{
  "matrix": [
    [
      0.936937026708088,
      0.018780704237942064
    ],
    [
      0.06099617914900113,
      0.9696709221508659
    ]
  ],
  "offset": [
    1.7878385529539695,
    -1.1240958488153914
  ]
}