{
  "calibration_id": "apriltag_outdoor_20251107T133248",
  "homography": [
    [
      -0.0067783742580379116,
      -0.006147015145313523,
      33.08090964292924
    ],
    [
      3.705428640125976e-05,
      0.002520624870413166,
      -9.165509808917292
    ],
    [
      -0.00015127355678353215,
      -0.0012146048885557956,
      1.0
    ]
  ],
  "tag_ids": [
    2,
    3,
    4,
    5
  ],
  "world_points_ft": {
    "2": {
      "x_ft": 8.649369696254473,
      "y_ft": 49.05301310952035,
      "z_ft": 2.5833333333333335
    },
    "5": {
      "x_ft": -8.25,
      "y_ft": 4.763139720814414,
      "z_ft": 4.0
    },
    "3": {
      "x_ft": 10.179582362381556,
      "y_ft": 1.7949350228318837,
      "z_ft": 3.0
    },
    "4": {
      "x_ft": -39.062288704769934,
      "y_ft": 14.21751037084915,
      "z_ft": 5.0
    }
  },
  "image_points_px": {
    "2": [
      4758.2040852262635,
      366.0882608914915
    ],
    "3": [
      6623.006432971899,
      1896.8659052848307
    ],
    "4": [
      1304.0172670881161,
      1037.4356654703333
    ],
    "5": [
      2170.244372583639,
      1478.9975921973107
    ]
  }
}