{
  "image": "outdoor/calibration/DayTime4AprilTags.jpg",
  "image_shape": [
    2160,
    7680
  ],
  "tag_pixels": {
    "2": {
      "center_px": [
        4758.2040852262635,
        366.0882608914915
      ],
      "corners_px": [
        [
          4743.443847656251,
          377.74456787109375
        ],
        [
          4771.23046875,
          379.93115234375
        ],
        [
          4773.290527343748,
          354.17434692382807
        ],
        [
          4745.446777343749,
          352.53131103515625
        ]
      ]
    },
    "3": {
      "center_px": [
        6623.006432971899,
        1896.8659052848307
      ],
      "corners_px": [
        [
          6547.839843749999,
          1915.2972412109375
        ],
        [
          6652.21484375,
          1969.9672851562502
        ],
        [
          6700.889160156252,
          1877.7685546875002
        ],
        [
          6593.820312500001,
          1823.8203125
        ]
      ]
    },
    "4": {
      "center_px": [
        1304.0172670881161,
        1037.4356654703333
      ],
      "corners_px": [
        [
          1295.480224609375,
          1059.90869140625
        ],
        [
          1321.8681640625,
          1047.473022460937
        ],
        [
          1312.5821533203125,
          1014.8893432617188
        ],
        [
          1285.767578125,
          1027.1740722656252
        ]
      ]
    },
    "5": {
      "center_px": [
        2170.244372583639,
        1478.9975921973107
      ],
      "corners_px": [
        [
          2144.8154296875,
          1522.4680175781252
        ],
        [
          2210.3198242187495,
          1500.4476318359373
        ],
        [
          2196.198486328125,
          1434.6293945312498
        ],
        [
          2130.3017578125005,
          1457.6186523437502
        ]
      ]
    }
  }
}